{
  "test/mockServer.html": 1595246828095,
  "Component.js": 1595246828091,
  "test/unit/controller/View1.controller.js": 1595246828099,
  "test/integration/pages/View1.js": 1595246828099,
  "test/integration/arrangements/Startup.js": 1595246828099,
  "test/unit/unitTests.qunit.js": 1595246828099,
  "test/unit/AllTests.js": 1595246828095,
  "test/integration/opaTests.qunit.js": 1595246828095,
  "test/integration/NavigationJourney.js": 1595246828095,
  "test/integration/AllJourneys.js": 1595246828095,
  "test/initMockServer.js": 1595246828095,
  "model/models.js": 1595246828095,
  "localService/mockserver.js": 1595246828095,
  "controller/View1.controller.js": 1595246828091,
  "manifest.json": 1595247726809,
  "manifest-bundle.zip": 1595247725213,
  "Component-preload.js": 1595247726505,
  "controller/View1-dbg.controller.js": 1595246828091,
  "test/integration/pages/View1-dbg.js": 1595246828099,
  "test/integration/arrangements/Startup-dbg.js": 1595246828099,
  "test/unit/unitTests.qunit-dbg.js": 1595246828099,
  "test/unit/AllTests-dbg.js": 1595246828095,
  "test/integration/opaTests.qunit-dbg.js": 1595246828095,
  "test/integration/NavigationJourney-dbg.js": 1595246828095,
  "test/integration/AllJourneys-dbg.js": 1595246828095,
  "test/initMockServer-dbg.js": 1595246828095,
  "model/models-dbg.js": 1595246828095,
  "localService/mockserver-dbg.js": 1595246828095,
  "test/unit/controller/View1-dbg.controller.js": 1595246828099,
  "Component-dbg.js": 1595246828091,
  "resources.json": 1595247726906,
  "test/unit/unitTests.qunit.html": 1595246828099,
  "test/integration/opaTests.qunit.html": 1595246828095,
  "view/View1.view.xml": 1595246828095,
  "i18n/i18n.properties": 1595246828095,
  "css/style.css": 1595246828095,
  "index.html": 1595246828091
}